"","side","cnt_mean","cnt_std.error"
"1","ex_cnt",6.23221757322176,0.565721490914985
"2","in_cnt",7.32845188284519,0.611853621932743
