"","side","size_mean","size_std.error"
"1","BOTTOM",6.56565656565657,0.295527448758068
"2","SIDE",4.73684210526316,0.536948083143906
"3","TOP",4.57534246575342,0.336128581377522
