"","side","cnt_mean","cnt_std.error"
"1","BOTTOM",79.5631067961165,19.2876848226578
"2","SIDE",3.9126213592233,1.62141735841361
"3","TOP",24.9805825242718,10.1025013308407
