"","side","size_mean","size_std.error"
"1","BOTTOM",7.44036697247706,0.423251975266344
"2","SIDE",4.3,0.599137310840661
"3","TOP",5.11538461538461,0.42335106982403
