"","side","size_mean","size_std.error"
"1","BOTTOM",6.81767955801105,0.314133193326672
"2","SIDE",4.73684210526316,0.536948083143906
"3","TOP",4.57534246575342,0.336128581377522
