"","side","cnt_mean","cnt_std.error"
"1","BOTTOM",54.1775147928994,12.0973886267338
"2","SIDE",2.44378698224852,0.997032013821699
"3","TOP",15.4970414201183,6.2144912648406
