"","side","cnt_mean","cnt_std.error"
"1","BOTTOM",65.705035971223,14.5321916884652
"2","SIDE",2.97122302158273,1.2083081544823
"3","TOP",18.841726618705,7.53034565070567
