"","hcat5","Freq"
"1","5",7.69230769230769
"2","15",7.69230769230769
"3","20",15.3846153846154
"4","25",15.3846153846154
"5","30",23.0769230769231
"6","35",7.69230769230769
"7","40",7.69230769230769
"8","45",15.3846153846154
